150210180,I,1923,ANNOPOL,WISŁA,214956,505357
152170020,IV,1950,ANTONINEK,CYBINA,170230,522423
153220300,IV,1946,AUGUSTÓW,JEZ. NECKO (NETTA),225906,535050
153220270,II,2005,BABINO,NAREW,225633,530915
153190070,IV,1959,BACHOTEK,JEZ. BACHOTEK (SKARLANKA),192703,531846
153190180,III,2006,BACHOTEK 2,SKARLANKA,192635,531912
150190310,II,1897,BALICE,RUDAWA,194824,500535
154220010,II,1908,BANIE MAZURSKIE,GOŁDAPA,220147,541452
150150040,II,1946,BARCINEK,KAMIENICA,153614,505638
150160220,I,1889,BARDO,NYSA KŁODZKA,164423,503016
154150040,I,1885,BARDY,PARSĘTA,154250,540530
153190040,II,1959,BĄGART,ELBLĄG,192209,535758
152140090,II,2001,BIAŁA GÓRA,ODRA,144338,520536
150170050,II,2005,BIAŁA NYSKA,BIAŁA GŁUCHOŁASKA,171751,502601
153210070,II,1972,BIAŁOBRZEG BLIŻSZY,OMULEW,212843,530630
153220280,II,1946,BIAŁOBRZEGI,NETTA,225759,534815
151200120,I,1929,BIAŁOBRZEGI,PILICA,205704,513927
150160250,II,1921,BIAŁOBRZEZIE,ŚLĘZA,165332,504808
154150050,I,1946,BIAŁOGARD,PARSĘTA,155835,540011
154160020,I,1924,BIAŁOGÓRZYNO,RADEW,160700,540345
153170010,II,1856,BIAŁOŚLIWIE,NOTEĆ,170729,530425
152230190,I,2000,BIAŁOWIEŻA-PARK,NAREWKA,235029,524205
152190100,II,1956,BIELAWY,MROGA,193900,520425
152140010,II,1839,BIELINEK,ODRA,140915,525545
150190140,I,1833,BIERUŃ NOWY,WISŁA,191137,500353
150190050,III,1954,BIERUŃ STARY,MLECZNA,190519,500534
150220110,II,1955,BIŁGORAJ,ŁADA,224255,503232
150200070,II,1924,BISKUPICE,SZRENIAWA,202957,501039
151220130,IV,1955,BISKUPICE,GIEŁCZEWKA,225643,510918
152170100,IV,1955,BISKUPIN,JEZ. BISKUPIŃSKIE (GĄSAWKA),174357,524728
152150100,II,1900,BLEDZEW,OBRA,152516,523103
150150130,II,1898,BŁAŻKOWA,BÓBR,155911,504422
153180050,III,1930,BŁĘDNO,WDA,182050,534206
153160240,IV,1964,BŁOGOWO,JEZ. BOBIĘCIŃSKIE WIELKIE,164847,535857
151190060,II,1923,BOBRY,WARTA,192419,510131
150200020,II,1955,BOCHENIEC,WIERNA RZEKA,201842,504809
152230010,IV,1930,BOĆKI,NURZEC,230218,523906
150140100,II,2015,BOGATYNIA,MIEDZIANKA,145942,505332
151170060,II,2005,BOGDAJ,POLSKA WODA,173351,513058
151160180,II,2005,BOGDASZOWICE,STRZEGOMKA,164733,510512
151170110,I,1891,BOGUSŁAW,PROSNA,175713,515354
150180040,I,1969,BOJANÓW,PSINA,180915,500150
150190060,II,1955,BOJSZOWY,GOSTYNIA,190630,500340
154180070,III,1965,BOLSZEWO,BOLSZEWKA,181000,543639
152230110,I,1963,BONDARY,NAREW,234456,525625
154220020,IV,1959,BORKI,JEZ. LITYGAJNO (EŁK),221017,540559
151220060,IV,1954,BORKI,BYSTRZYCA,223154,514317
152200120,I,1998,BORKOWO,WKRA,203956,523342
154200010,II,1947,BORNITY,WAŁSZA,200252,541109
150160280,II,1896,BORÓW,ŚLĘZA,165926,505320
154170190,II,1971,BORUCINO,JEZ. RADUŃSKIE GÓRNE,175929,541512
154170240,IV,2004,BORUCINO,BORUCINKA,175848,541520
154180230,IV,2004,BORUCINO,JEZ. RADUŃSKIE DOLNE,175946,541510
150200140,II,1937,BORZĘCIN,USZWICA,204220,500354
153220320,IV,2004,BORZYMY,PRZEPIÓRKA,224059,534904
153180030,I,1922,BOŻEPOLE SZLACHECKIE,WIERZYCA,181352,535835
151210130,IV,1964,BÓR,WYŻNICA,215241,510051
150170160,II,1966,BRANICE,OPAWA,174610,500304
150170170,II,1966,BRANICE,BOCZNE KORYTO OPAWY,174619,500305
154190140,I,1886,BRANIEWO,PASŁĘKA,194934,542302
152220070,II,1930,BRAŃSK,NURZEC,224907,524438
153190050,II,1888,BRODNICA,DRWĘCA,192403,531519
151210040,II,1955,BRODY IŁŻECKIE,KAMIENNA,211210,510117
153180110,II,1931,BRODY POMORSKIE,WIERZYCA,184537,535130
154220090,III,1992,BRÓD STARY,CZARNA HAŃCZA,225250,540804
153190160,III,1930,BRUDNICE,WKRA,195201,530413
150190010,II,1922,BRYNICA,BRYNICA,190002,502821
150170090,II,1891,BRZEG,ODRA,172810,505156
151160170,I,1890,BRZEG DOLNY,ODRA,164336,511538
150200030,II,1925,BRZEGI,NIDA,202451,504430
150210140,II,1896,BRZEŹNICA,BRZEŹNICA,212913,500623
151160040,II,1905,BUKOWNA,CZARNA WODA,160249,511836
154160050,IV,1959,BUKOWO MORSKIE,JEZ. BUKOWO,161839,542236
150150120,II,1903,BUKÓWKA,BÓBR,155727,504246
153170020,IV,1975,BUNTOWO,JEZ. SŁAWIANOWSKIE (KOCUNIA),170739,531559
151180120,II,1916,BURZENIN,WARTA,185016,512730
153220100,I,1946,BURZYN,BIEBRZA,222733,531627
154210030,IV,1960,BYKOWO,SAJNA,210638,541314
150160170,II,1898,BYSTRZYCA KŁODZKA,NYSA KŁODZKA,163854,501737
150160150,II,1898,BYSTRZYCA KŁODZKA,BYSTRZYCA,163855,501747
151200100,II,1929,BZIN,KAMIENNA,205120,510613
154170110,I,1946,CECENOWO,ŁEBA,173351,543916
149180020,I,1891,CHAŁUPKI,ODRA,181940,495519
154160140,I,1946,CHARNOWO,SŁUPIA,165539,543246
150220140,I,1897,CHARYTANY,SZKŁO,225619,500012
153170080,IV,1955,CHARZYKOWY,JEZ. CHARZYKOWSKIE (BRDA),173030,534416
153220110,IV,1973,CHEŁCHY,JEGRZNIA,222804,535246
153180080,I,1810,CHEŁMNO,WISŁA,182454,532147
152150230,IV,1961,CHEŁST,MIAŁA,155657,524945
153179996,IV,2017,CHOCIŃSKI MŁYN,CHOCINA,172654,534953
151150180,II,1898,CHOJNÓW,SKORA,155644,511622
152230030,II,2005,CHRABOŁY,ORLANKA,231145,525144
152160040,III,2007,CHRZYPSKO WIELKIE,JEZ. CHRZYPSKIE (OSIECZNICA),161256,523725
150160030,II,1986,CHWALISZÓW,STRZEGOMKA,161359,505240
153170050,IV,1946,CIECHOLEWY,BRDA,172439,534852
154160130,III,1956,CIECHOLUB,STUDNICA,165408,540957
149180060,I,1895,CIESZYN,OLZA,183747,494445
149180070,I,1963,CIESZYN,MŁYNÓWKA,183753,494446
153160010,III,1975,CIESZYNO,JEZ. SIECINO (RAKOŃ),160219,533528
149190080,II,1900,CIĘCINA,SOŁA,190856,493729
149200330,II,1887,CIĘŻKOWICE,BIAŁA,205825,494732
152150130,II,1862,CIGACICE,ODRA,153627,520159
149220080,II,1958,CISNA,SOLINKA,222000,491247
154160080,IV,1984,CYBULINO,RADEW,163703,540224
151210070,IV,1973,CYGANÓWKA,WILGA,212701,515143
153220090,II,1956,CZACHY,WISSA,222646,532241
149190120,II,2005,CZANIEC-KOBIERNICE,SOŁA,191340,495054
153160040,II,1970,CZAPLINEK,JEZ. DRAWSKO (DRAWA),161334,533339
153220310,IV,2004,CZARNA WIEŚ,KANAŁ KUWASY,223822,534240
153180010,II,1946,CZARNA WODA,WDA,180534,535028
153160260,IV,1969,CZARNE,CZERNICA,165709,534142
152160070,II,1822,CZARNKÓW,NOTEĆ,163315,525430
152210100,II,1945,CZARNOWO,ORZ,213214,525300
149200230,II,1940,CZCHÓW,DUNAJEC,204055,494859
149190010,II,1956,CZECHOWICE-BESTWINA,BIAŁA,190149,495329
149180250,II,1895,CZECHOWICE-DZIEDZICE,IŁOWNICA,185911,495449
151210090,II,1945,CZEKARZEWICE,KAMIENNA,214053,510159
149190230,II,1995,CZERNICHÓW-PROM,WISŁA,193947,495853
154230030,IV,1946,CZERWONY FOLWARK,CZARNA HAŃCZA,230702,540411
153200140,IV,1957,DADAJ,JEZ. DADAJ (WADĄG),205315,535129
150200160,II,1957,DALESZYCE,CZARNA NIDA,204847,504803
154160150,I,2004,DARŁOWO,MORZE BAŁTYCKIE,162249,542621
152180150,II,1921,DĄBIE,NER,184926,520505
151190120,II,1929,DĄBROWA,CZARNA,195818,511850
151150140,II,1966,DĄBROWA BOLESŁAWIECKA,BÓBR,153414,511933
151180050,II,2005,DĘBE,SWĘDRNIA,181152,514729
151210120,II,1919,DĘBLIN,WISŁA,214935,513346
153220260,II,1946,DĘBOWO,BIEBRZA,225549,533635
153160220,III,1979,DŁUGIE,JEZ. DOŁGIE (DOŁGA),164758,534706
149200090,II,1971,DOBCZYCE,RABA,200510,495301
150200110,III,1955,DOBIESŁAWICE,NIDZICA,203535,501319
150170220,II,1898,DOBRA,BIAŁA,175349,502653
151150050,II,1936,DOBROSZÓW WIELKI,BÓBR,151522,514627
153210220,II,1938,DOBRYLAS,PISA,215153,531709
152140100,I,1900,DOLSK,MYŚLA,145035,524810
150170200,II,1958,DOMARADZ,BOGACICA,175152,505715
151230060,II,1897,DOROHUSK,BUG,234828,511106
152150240,II,1842,DRAWINY,DRAWA,155838,525308
153150100,IV,1941,DRAWNO,DRAWA,154549,531304
153150120,IV,1873,DRAWSKO POMORSKIE,DRAWA,154839,533137
153150170,III,2004,DREWNIANY MOST,PŁOCICZNA,155911,530533
149180080,II,2006,DROGOMYŚL,WISŁA,184458,495309
153150070,IV,1978,DROZDOWO,DĘBOSZNICA,153353,535957
151160050,II,1936,DUNINO,KACZAWA,160438,510925
149220150,I,1926,DWERNIK,SAN,223758,491307
149220040,II,1890,DYNÓW,SAN,221439,494803
151180130,II,1921,DZIAŁOSZYN,WARTA,185224,510636
153190100,IV,1959,DZIARNY,IŁAWKA,193653,533414
150160140,II,1896,DZIERŻONIÓW,PIŁAWA,163846,504333
153140070,I,1853,DZIWNÓW,CIEŚNINA DZIWNA,144353,540113
154150020,IV,1983,DŹWIRZYNO,JEZ. RESKO PRZYMORSKIE,152355,540904
154190060,II,1896,ELBLĄG,ELBLĄG,192316,541020
153180140,I,1948,ELGISZEWO,DRWĘCA,185541,530339
153220060,II,1971,EŁK,EŁK,222300,534954
153220050,II,1893,EŁK,JEZ. EŁCKIE (EŁK),222039,534913
153230010,II,1928,FASTY,SUPRAŚL,230136,531043
153180020,I,1873,FORDON,WISŁA,181012,530847
152220050,II,1916,FRANKOPOL,BUG,223339,522454
154170070,III,1946,GAŁĄŹNIA MAŁA,SŁUPIA,171807,541718
154170050,IV,1957,GARDNA WIELKA,JEZ. GARDNO (ŁUPAWA),170953,543821
154180140,I,1815,GDAŃSK-PORT PÓŁNOCNY,MORZE BAŁTYCKIE,184153,542359
154180190,II,1895,GDAŃSK-PRZEGALINA,WISŁA,185526,541831
154180160,I,1926,GDAŃSK-SOBIESZEWO,MARTWA WISŁA,184855,542047
154180200,II,1897,GDAŃSK-ŚWIBNO,WISŁA,185608,542011
154180210,II,1947,GDAŃSK-UJŚCIE WISŁY,WISŁA,185634,542110
154180220,II,1898,GDAŃSKA GŁOWA,WISŁA,185705,541601
154180120,I,1931,GDYNIA,MORZE BAŁTYCKIE,183319,543104
152180010,IV,1908,GĘBICE,MAŁA NOTEĆ,180201,523602
151190070,IV,1971,GIECZNO,MOSZCZENICA,192635,515949
154210090,II,1850,GIŻYCKO,PISA,214540,540208
150180220,II,1908,GLIWICE,KŁODNICA,184006,501753
150180180,II,2005,GLIWICE-ŁABĘDY,KŁODNICA,183655,502033
153210130,IV,1971,GŁODOWO,JEZ. ŚNIARDWY (PISA),213920,534334
151160060,I,1810,GŁOGÓW,ODRA,160333,514026
150210110,II,1991,GŁOWACZOWA,GRABINKA,211845,500259
150170070,I,1897,GŁUCHOŁAZY,BIAŁA GŁUCHOŁASKA,172248,501859
153150150,III,2004,GŁUSKO,KANAŁ GŁUCHY,155731,530315
152160150,IV,1955,GŁUSZYNA,KOPEL,165711,521901
150160290,II,2005,GNIECHOWICE,CZARNA WODA,164945,505915
149180240,II,1901,GOCZAŁKOWICE,WISŁA,185909,495554
149210120,II,1975,GODOWA,STOBNICA,214842,495055
153150090,III,1966,GOLA DOLNA,REGA,154350,534459
150190270,III,1954,GOLCZOWICE,BIAŁA PRZEMSZA,193609,502141
153140090,I,1872,GOLENIÓW,INA,144937,533347
154220110,II,2012,GOŁDAP 2,GOŁDAPA,221843,541846
149200190,II,1889,GOŁKOWICE,DUNAJEC,203413,493301
149180040,IV,1962,GOŁKOWICE,SZOTKÓWKA,182947,495533
154180060,II,1905,GORĘCZYNO,RADUNIA,180953,541549
149210020,IV,1957,GORLICE,SĘKÓWKA,211013,493917
150220060,II,1907,GORLICZYNA,MLECZKA,222914,500508
152180020,IV,1975,GORYSZEWO,PANNA,180208,523737
151180070,II,1930,GORZÓW ŚLĄSKI,PROSNA,182604,510207
152150040,I,1780,GORZÓW WIELKOPOLSKI,WARTA,151511,524348
150160100,II,1904,GORZUCHÓW,ŚCINAWKA,163416,502907
152150140,II,1928,GOŚCIMIEC,NOTEĆ,153819,524633
152140020,I,1854,GOZDOWICE,ODRA,141904,524551
150230070,II,1977,GOZDÓW,HUCZWA,234826,504639
149180120,II,1946,GÓRKI WIELKIE,BRENNICA,185109,494621
151180180,II,1940,GRABNO,GRABIA,185907,512730
154160060,III,1974,GRABOWO,GRABOWA,162613,541756
150180080,II,1985,GRABÓWKA,BIERAWKA,181633,501704
150210200,II,2005,GRĘBÓW,ŁĘG,215443,503433
153230160,IV,1958,GRÓDEK,SUPRAŚL,234018,530542
153180100,I,1810,GRUDZIĄDZ,WISŁA,184443,532906
149200310,II,1934,GRYBÓW,BIAŁA,205645,493726
153140030,II,1883,GRYFINO,ODRA,142904,531525
151150110,II,2005,GRYFÓW ŚLĄSKI,KWISA,152447,510135
152180140,II,1937,GRZEGORZEW,RGILEWKA,184434,521200
151140010,I,1889,GUBIN,NYSA ŁUŻYCKA,144225,515819
151210050,II,1974,GUSIN,WISŁA,211517,515335
153160200,IV,1891,GWDA WIELKA,GWDA,164737,534425
153230130,II,1971,HARASIMOWICZE,SIDRA,232656,533945
150220050,II,1904,HARASIUKI,TANEW,222827,502839
153180120,I,1896,HEL,MORZE BAŁTYCKIE,184802,543607
149220070,II,1926,HOCZEW,HOCZEWKA,221942,492526
152220060,III,1966,HRUSZEW,TOCZNA,224313,521914
153200010,IV,1971,IDZBARK,DRWĘCA,200203,534020
153190080,IV,1946,IŁAWA,JEZ. JEZIORAK (IŁAWKA),193323,533552
151150030,II,1948,IŁOWA,CZERNA MAŁA,151154,513011
152170050,III,1975,IMIOŁKI,JEZ. LEDNICA,172302,523346
153150060,III,1975,IŃSKO,JEZ. IŃSKO (KANAŁ INY),153242,532621
149210140,II,1955,ISKRZYNIA,MORWAWA,215151,494038
149180130,I,1959,ISTEBNA,OLZA,185334,493419
154170090,II,1955,IZBICA,JEZ. ŁEBSKO (ŁEBA),172541,544052
149190240,I,1947,JABŁONKA,CZARNA ORAWA,194127,492814
149190250,I,1954,JABŁONKA,PIEKIELNIK,194143,492820
152210140,IV,1924,JAGODNE,KOSTRZYŃ,215841,521206
150200130,IV,1868,JAGODNIKI,WISŁA,204055,501202
149200200,II,1898,JAKUBKOWICE,ŁOSOSINA,203748,494422
150150030,II,1973,JAKUSZYCE,KAMIENNA,152624,504921
153230120,I,1973,JAŁOWY RÓG,CZARNA HAŃCZA,232421,535400
150190350,II,1972,JANUSZEWICE,CZARNA,195739,505630
151160190,II,1953,JARNOŁTÓW,BYSTRZYCA,165034,510719
150170080,II,1974,JARNOŁTÓWEK,ZŁOTY POTOK,172541,501709
150220100,II,1869,JAROSŁAW,SAN,224210,500116
154170140,IV,1970,JASIEŃ,JEZ. JASIEŃ PD. (ŁUPAWA),173649,541722
149210080,II,1887,JASŁO,JASIOŁKA,212823,494501
149190060,II,1887,JAWISZOWICE,WISŁA,190719,495821
151160090,II,1887,JAWOR,NYSA SZALONA,161123,510254
150150080,II,1887,JELENIA GÓRA,BÓBR,154317,505439
150150070,II,1954,JELENIA GÓRA,KAMIENNA,154320,505355
150190180,I,1896,JELEŃ,PRZEMSZA,191423,500940
153170130,IV,1946,JEZIORNA,JEZ. WDZYDZE (WDA),175453,535723
152169998,III,2007,JEZIORY,JEZ. GÓRECKIE,164743,521606
149190290,II,1928,JORDANÓW,SKAWA,194948,493811
150160060,II,1904,JUGOWICE,BYSTRZYCA,162412,504359
154220050,I,1954,JURKISZKI,GOŁDAPA,222205,541833
153200030,II,1990,KALISTY,PASŁĘKA,201145,535502
149220110,II,1965,KALNICA,WETLINA,222545,491120
149190020,II,1910,KAMESZNICA,BYSTRA,190411,493405
150160270,II,2005,KAMIENIEC ZĄBKOWICKI,BUDZÓWKA,165154,503156
150160010,II,1889,KAMIENNA GÓRA,BÓBR,160210,504711
150180010,II,1940,KAMIONKA,STRADUNIA,180233,502328
151160220,II,2005,KANCLERZOWICE,SĄSIECZNICA,165722,512713
150170150,II,1995,KARŁOWICE,STOBRAWA,174318,505243
153230020,II,1946,KARPOWICZE,BRZOZÓWKA,230236,533507
150200150,I,1869,KARSY,WISŁA,204629,501630
149200040,II,1966,KASINKA MAŁA,RABA,200157,494217
151210080,II,1990,KAZANÓW,IŁŻANKA,212800,511624
152190120,I,1968,KĘPA POLSKA,WISŁA,195748,522553
152200010,II,1929,KĘSZYCE,RAWKA,200753,520809
154220100,III,1977,KLESZCZÓWEK,SZESZUPA,225438,541615
149210030,II,1887,KLĘCZANY,ROPA,211300,494205
154170210,III,2003,KLUKI,JEZ. ŁEBSKO (ŁEBA),172127,544059
152190060,IV,1960,KLUSEK,SKRWA LEWA,192932,523028
150180250,IV,1955,KŁODNICA,KŁODNICA,185151,501412
150160180,II,1884,KŁODZKO,NYSA KŁODZKA,163931,502632
151190080,II,1929,KŁUDZICE,LUCIĄŻA,194655,512057
152170190,III,2011,KOCHOWO,MESZNA,175658,522151
152180120,II,1946,KOŁO,WARTA,183804,521143
150210150,I,2005,KOŁO,WISŁA,213040,503017
154150030,I,1810,KOŁOBRZEG,MORZE BAŁTYCKIE,153312,541112
153160290,III,2011,KOMORZE,JEZ. KOMORZE,162036,533746
152180160,II,2012,KONIN-MORZYSŁAW,KANAŁ ŚLESIŃSKI,181739,521349
149190280,II,1966,KONIÓWKA,DUNAJEC,194905,492344
152160060,IV,1940,KONOJAD,MOGILNICA,163156,520904
150170100,II,1884,KOPICE,NYSA KŁODZKA,172842,503844
150210160,II,1925,KOPRZYWNICA,KOPRZYWIANKA,213423,503545
151160200,II,1897,KORZEŃSKO,ORLA,165221,513221
154160120,II,1947,KORZYBIE,WIEPRZA,165242,541650
152170160,III,2007,KOSEWO,DOPŁYW Z JEZ. KOSEWSKIEGO,175703,522402
152140070,II,1818,KOSTRZYN NAD ODRĄ,WARTA,143944,523455
152140060,II,2004,KOSTRZYN NAD ODRĄ,ODRA,143634,523603
154160030,III,1947,KOSZALIN,DZIERŻĘCINKA,161120,541108
149200320,II,1891,KOSZYCE WIELKIE,BIAŁA,205658,495950
152160090,II,1952,KOŚCIAN,KANAŁ MOSIŃSKI,163839,520524
152180110,II,1937,KOŚCIELEC,KIEŁBASKA,183431,521031
149190300,II,1917,KOŚCIELISKO-KIRY,KIROWA WODA,195205,491633
151220010,I,1919,KOŚMIN,WIEPRZ,220005,513423
152160110,II,1959,KOWANÓWKO,WEŁNA,165012,524007
150150110,II,1904,KOWARY,JEDLICA,155003,504741
150180270,II,2005,KOZŁOWA GÓRA,BRYNICA,185819,502444
150180030,II,1862,KOŹLE,ODRA,180848,502107
149210050,II,1942,KRAJOWICE,WISŁOKA,212445,494620
150190340,I,1956,KRAKÓW-BIELANY,WISŁA,195036,500225
150170240,I,1834,KRAPKOWICE,ODRA,175805,502838
150160120,II,1936,KRASKÓW,BYSTRZYCA,163502,505456
153210020,IV,1929,KRASNOSIELC,ORZYC,210916,530207
150230040,II,1923,KRASNYSTAW,WIEPRZ,231036,505907
151180060,II,2005,KRASZEWICE,ŁUŻYCA,181335,513110
154160090,III,1946,KRĄG,GRABOWA,164323,541434
153180060,II,1930,KRĄPLEWICE,WDA,182251,532922
149210090,II,1997,KREMPNA-KOTAŃ,WISŁOKA,212859,493055
150190240,II,1930,KRĘCIWILK,WARTA,192213,503243
154170020,IV,1975,KRĘPA,GLAŹNA,170257,542507
154210040,IV,1974,KRONOWO,JEZ. DEJGUNY (KANAŁY IŁAWKI I DEJGUNY),213402,540300
149210110,II,1888,KROSNO,WISŁOK,214629,494138
154200020,II,1999,KROSNO,DRWĘCA WARMIŃSKA,201022,540751
149220170,I,1959,KROŚCIENKO,STRWIĄŻ,223946,492823
149200160,II,1898,KROŚCIENKO,DUNAJEC,202546,492630
149220200,I,1888,KRÓWNIKI,WIAR,224923,494601
152200090,II,1946,KRUBICE,UTRATA,202706,521423
153210010,IV,1930,KRUKOWO,OMULEW,210627,531833
150180190,II,1914,KRUPSKI MŁYN,MAŁA PANEW,183728,503416
152180080,IV,1882,KRUSZWICA,JEZ. GOPŁO,181938,524027
150240020,II,1997,KRYŁÓW,BUG,240345,504038
154190070,III,1934,KRYNICA MORSKA,ZALEW WIŚLANY,192643,542243
150230030,III,1940,KRZAK,ŁABUŃKA,230616,504809
149190350,II,1957,KRZCZONÓW,KRZCZONÓWKA,195714,494412
152230080,II,1967,KRZYCZEW,BUG,232957,520849
150170210,II,1940,KRZYWA GÓRA,BUDKOWICZANKA,175243,505138
152160010,II,1913,KRZYŻ,NOTEĆ,160005,525142
149180010,II,1927,KRZYŻANOWICE,ODRA,181714,495937
151170010,II,2017,KRZYŻANOWICE,WIDAWA,170251,511016
153220150,III,1951,KUCZE,JEGRZNIA,223549,534656
150160040,I,1956,KUDOWA-ZDRÓJ-ZAKRZE,KLIKAWA,161438,502551
151190010,II,1923,KULE,LISWARTA,190253,510234
153220230,II,2005,KULESZE-CHOBOTKI,NEREŚL,224553,531430
153150030,III,1978,KULICE,SĄPÓLNA,151006,533936
153190130,II,1947,KULIGI,WEL,194127,532547
151160270,III,2012,KUNICE,JEZ. KUNICKIE,161556,511306
150210090,II,1929,KUNÓW,KAMIENNA,211644,505743
151160010,III,1972,KUŹNICA GŁOGOWSKA,CIENICA,160122,515157
151180030,II,1940,KUŹNICA SKAKAWSKA,NIESÓB,180754,511647
150190210,II,1965,KUŹNICA SULIKOWSKA,MITRĘGA,191622,502711
152190050,II,1988,KWIATKÓWEK,BZURA,191303,520345
153180130,I,1952,KWIDZYN,LIWA,185441,534320
154170040,III,1956,KWISNO,WIEPRZA,170749,540507
150190360,II,2004,LAS,WISŁA,192256,500208
152170130,II,1999,LĄD,WARTA,175311,521213
150160230,II,1889,LĄDEK-ZDRÓJ,BIAŁA LĄDECKA,165214,502048
150180070,II,1892,LENARTOWICE,KŁODNICA,181408,502127
151210030,III,1959,LESIÓW,MLECZNA,211109,512842
149220060,II,1948,LESKO,SAN,221920,492809
151150060,I,1900,LEŚNA,KWISA,151712,510142
150220090,II,1888,LEŻACHÓW,SAN,223611,500825
154170160,II,1966,LĘBORK 2,ŁEBA,174451,543231
150190200,II,2005,LGOTA NADWARCIE,WARTA,191534,503706
153190150,II,1955,LIDZBARK,WEL,194907,531600
152190040,IV,1956,LIPNO,MIEŃ,191041,525047
153190020,IV,1889,LISNOWO,OSA,190808,532655
150160070,II,1918,LUBACHÓW,BYSTRZYCA,162552,504557
151220090,II,1922,LUBARTÓW,WIEPRZ,223837,512953
152200100,IV,1955,LUBERADZ,ŁYDYNIA,202838,524541
151150190,III,1970,LUBIATÓW,OBRZYCA,155814,515516
149190370,II,1957,LUBIEŃ,LUBIEŃKA,195842,494311
153150140,IV,1959,LUBIESZEWO,JEZ. LUBIE (DRAWA),155627,532730
151220070,IV,1960,LUBLIN,BYSTRZYCA,223232,511304
149190360,II,1922,LUDŹMIERZ,LEPIETNICA,195832,492807
149190390,II,1924,LUDŹMIERZ,WIELKI ROGOŹNIK,195912,492734
151190040,II,1928,LUTOMIERSK,NER,191317,514523
149200270,II,1934,ŁABOWA,KAMIENICA,205132,493135
149210040,II,1867,ŁABUZIE,WISŁOKA,211835,495916
150190130,II,1969,ŁAGISZA,PRZEMSZA,191108,502101
151190030,II,1930,ŁASK,GRABIA,190719,513549
149180030,II,2006,ŁAZISKA,OLZA,182635,495528
150160090,II,1888,ŁAŻANY,STRZEGOMKA,162933,505711
151170040,II,1927,ŁĄKI,BARYCZ,170847,512935
154170100,I,1890,ŁEBA,ŁEBA,173302,544548
149190140,II,1962,ŁĘKAWICA,ŁĘKAWKA,191544,494242
153150080,III,1947,ŁOBEZ,REGA,153648,533744
152210120,II,1929,ŁOCHÓW,LIWIEC,214042,523036
149190070,II,1945,ŁODYGOWICE,ŻYLICA,190810,494338
150150090,II,1956,ŁOMNICA,ŁOMNICA,154811,505235
152199992,II,2006,ŁOWICZ,BZURA,195737,520636
154190170,I,1979,ŁOZY,PASŁĘKA,195703,541141
151150090,II,1953,ŁOZY,KWISA,152207,512929
152150150,IV,1959,ŁUGI,JEZ. OSIEK (MIERZĘCKA STRUGA),154136,525640
154170080,II,1946,ŁUPAWA,ŁUPAWA,172456,542510
149200100,II,1917,ŁYSA POLANA,BIAŁKA,200654,491549
152180100,IV,1956,ŁYSEK,NOTEĆ,183014,522424
152140080,IV,1969,MACZKÓW,ILANKA,144440,521630
152210030,II,1924,MAKÓW MAZOWIECKI,ORZYC,210625,525133
151160150,I,1852,MALCZYCE,ODRA,162934,511334
153210200,II,1901,MALDANIN,JEZ. ROŚ (PISA),214926,533902
152230070,II,1926,MALOWA GÓRA,KRZNA,232803,520613
154220030,IV,1957,MAŁE WRONKI,EŁK,221319,540118
152229999,II,2013,MAŁKINIA,BUG,220058,524027
152220090,III,2012,MIANOWO,BROK,221255,524736
150230080,II,2006,MICHALÓW,WIEPRZ,230114,504403
150200050,I,1980,MICHAŁÓW,MIERZAWA,202723,502930
151210020,II,1993,MICHAŁÓW,KAMIENNA,210604,510042
154210100,I,1962,MIEDUNISZKI,WĘGORAPA,215848,541935
150210120,I,1991,MIELEC 2,WISŁOKA,212549,501645
152150180,IV,1957,MIERZĘCIN,MIERZĘCKA STRUGA,154946,525721
150160160,II,1986,MIETKÓW,BYSTRZYCA,163902,505806
152150200,II,1999,MIĘDZYCHÓD,WARTA,155310,523615
150160190,II,1898,MIĘDZYLESIE,NYSA KŁODZKA,163951,500920
152150120,IV,1970,MIĘDZYRZECZ,PAKLICA,153427,522639
153140220,IV,1954,MIĘDZYZDROJE,MORZE BAŁTYCKIE,142643,535556
151210110,IV,1956,MIKA,OKRZEJKA,214523,514024
153210110,II,1811,MIKOŁAJKI,JEZ. MIKOŁAJSKIE (PISA),213515,534721
153210230,IV,1974,MIKOSZE,ORZYSZA,215523,534821
149190030,II,1927,MIKUSZOWICE,BIAŁA,190427,494646
154180020,II,1947,MIŁOSZEWO,ŁEBA,180146,542624
151180040,II,1910,MIRKÓW,PROSNA,180917,511856
150150010,II,1891,MIRSK,KWISA,152303,505921
150150020,II,1922,MIRSK,CZARNY POTOK,152302,505912
149180090,II,2006,MIZERÓW-BORKI,PSZCZYNKA,184607,495955
151220050,IV,1990,MŁYNISKA,MININA,222312,513234
150200010,II,1955,MNISZEK,NIDA,201706,504339
150210030,II,1983,MOCHA,ŁAGOWIANKA,210450,504014
152200110,II,1926,MODLIN,WISŁA,203935,522550
150200120,II,1925,MORAWICA,CZARNA NIDA,203700,504501
149200070,IV,1951,MORSKIE OKO,JEZ. MORSKIE OKO,200417,491203
152140270,III,2004,MORYŃ,SŁUBIA,142344,525139
153150020,IV,1958,MORZYCA,MAŁA INA,150849,531231
153140200,II,2011,MORZYCZYN,JEZ. MIEDWIE (PŁONIA),145459,532105
152160130,II,1893,MOSINA,KANAŁ MOSIŃSKI,165123,521454
150160130,II,1948,MOŚCISKO,PIŁAWA,163503,504655
153170110,III,1978,MOTYL,SĘPOLNA,174936,532541
150190220,IV,1924,MSTÓW,WARTA,191720,504952
149200060,II,1887,MSZANA DOLNA,RABA,200333,493929
149200080,II,1902,MSZANA DOLNA,MSZANKA,200446,494029
149200300,I,1925,MUSZYNA,POPRAD,205331,492022
149200290,I,1902,MUSZYNA-MILIK,POPRAD,205307,492100
153210040,IV,1938,MYSZYNIEC,ROZOGA,212027,532311
152140120,IV,1948,MYŚLIBÓRZ,MYŚLA,145144,525517
153160070,IV,1957,NADARZYCE,PIŁAWA,162945,532757
153160060,IV,1959,NAKIELNO,JEZ. BYTYŃ WIELKI,161817,531551
153170100,II,1831,NAKŁO-ZACHÓD,NOTEĆ,173344,530725
150180260,IV,1956,NAMIARKI,BRYNICA,185729,502244
151170090,II,2001,NAMYSŁÓW,WIDAWA,174236,510449
152230090,II,1927,NAREW,NAREW,233122,525457
152230100,II,1925,NAREWKA,NAREWKA,234331,525147
150180090,III,1887,NĘDZA,SUMINA,181838,500928
151180090,II,1937,NIECHMIRÓW,OLEŚNICA,184544,512317
149200120,II,1966,NIEDZICA,NIEDZICZANKA,201808,492441
150230010,II,1992,NIELISZ,WIEPRZ,230228,504831
150170120,II,1904,NIEMODLIN,ŚCINAWA NIEMODLIŃSKA,173728,503844
149220210,I,1897,NIENOWICE,WISZNIA,225501,495616
152150050,II,1893,NIETKÓW,ODRA,152051,520247
150210080,II,1955,NIETULISKO DUŻE,ŚWIŚLINA,211431,505844
150220030,II,1896,NISKO,SAN,221134,503112
150190100,II,1922,NIWKA,BIAŁA PRZEMSZA,190939,501409
150180210,II,1930,NIWKI,LISWARTA,183945,504915
152180090,IV,1922,NOĆ KALINA,NOTEĆ,182250,522618
154190130,I,1949,NOWA PASŁĘKA,ZALEW WIŚLANY,194445,542533
151150150,II,1916,NOWA SÓL,ODRA,154318,514808
152170060,II,1884,NOWA WIEŚ PODGÓRNA,WARTA,173524,520830
154190050,I,1811,NOWAKOWO,ELBLĄG,192145,541350
152150190,I,1811,NOWE DREZDENKO,NOTEĆ,155015,525103
152210130,IV,1966,NOWE KACZKOWO,BROK,215720,524342
151200090,II,1921,NOWE MIASTO,PILICA,203424,513633
153190090,II,1946,NOWE MIASTO LUBAWSKIE,DRWĘCA,193524,532520
154190110,I,1997,NOWE SADŁUKI,BAUDA,194242,541537
151150100,II,1901,NOWOGRODZIEC,KWISA,152345,511211
153210210,II,1919,NOWOGRÓD,NAREW,215155,531336
151150040,II,2005,NOWOGRÓD BOBRZAŃSKI,BÓBR,151413,514755
149220010,II,1977,NOWOSIELCE,PIELNICA,220415,493401
153230170,II,1931,NOWOSIÓŁKI,SUPRAŚL,233134,531031
154190040,II,1947,NOWOTKI,NOGAT,191800,541509
154190010,II,1947,NOWY DWÓR GDAŃSKI,TUJA,190648,541250
149200260,I,1961,NOWY SĄCZ,ŁUBINKA,204217,493807
149200250,II,1898,NOWY SĄCZ,KAMIENICA,204145,493731
149200240,II,1867,NOWY SĄCZ,DUNAJEC,204114,493738
149200030,II,1898,NOWY TARG,DUNAJEC,200152,492904
149200050,I,1940,NOWY TARG-KOWANIEC,DUNAJEC,200313,492913
150170060,II,1876,NYSA,NYSA KŁODZKA,172030,502852
152160100,II,1847,OBORNIKI,WARTA,164848,523837
152160030,IV,1966,OBRA,DOJCA,160434,520430
154170230,III,2004,OBROWO,ŁUPAWA,173557,541546
151170070,II,1890,ODOLANÓW,BARYCZ,174012,513432
151170080,II,2005,ODOLANÓW,KUROCH,174013,513442
151200080,II,1926,ODRZYWÓŁ,DRZEWICZKA,203346,513110
150190330,II,1930,OJCÓW,PRĄDNIK,194957,501141
153160250,IV,1969,OKONEK,CZARNA,165006,533129
153140110,IV,1961,OKUNICA,PŁONIA,145617,531151
151230030,IV,1933,OKUNINKA,WŁODAWKA,233122,513118
151230080,III,2011,OKUNINKA,JEZ. BIAŁE,233231,513001
149220030,II,1918,OLCHOWCE,SAN,221307,493322
154220060,IV,1959,OLECKO,JEZ. OLECKO WIELKIE (JEGRZNIA),223020,540229
153200070,II,1960,OLSZTYN-KORTOWO,ŁYNA,202818,534523
149180300,II,2003,OLZA,ODRA,181935,495717
150170040,II,1895,OŁAWA,ODRA,171823,505647
150170030,II,1888,OŁAWA,OŁAWA,171734,505652
151180010,II,1940,OŁOBOK,OŁOBOK,180408,513822
151200040,IV,1930,OPOCZNO,DRZEWICZKA,201803,512253
150170290,II,2005,OPOLE-GROSZOWICE,ODRA,175618,503803
150230050,IV,1945,ORŁÓW DREWNIANY,WOLICA,231148,505454
152200130,II,2002,ORZECHOWO,NAREW,205152,522917
153210240,IV,1960,ORZYSZ-BUDA,JEZ. ORZYSZ (ORZYSZA),215808,534815
151160140,I,1892,OSETNO,BARYCZ,162744,513754
149190260,II,1917,OSIELEC,SKAWA,194421,494101
151180100,II,1916,OSJAKÓW,WARTA,184706,511708
154190030,I,1949,OSŁONKA,ZALEW WIŚLANY,191442,541554
153220170,II,1946,OSOWIEC,BIEBRZA,223819,532858
153220160,II,2005,OSOWIEC,EŁK,223736,532912
153210090,II,1876,OSTROŁĘKA,NAREW,213346,530502
153190170,II,1946,OSTRÓDA,JEZ. DRWĘCKIE (DRWĘCA),195734,534210
151150020,II,1964,OSTRÓŻNO,WITKA,150158,510115
154180040,IV,1947,OSTRZYCE,JEZ. OSTRZYCKIE (RADUNIA),180641,541523
150220160,II,1955,OSUCHY,TANEW,225718,502356
150190160,I,1867,OŚWIĘCIM,SOŁA,191307,500224
152180130,IV,1963,OTŁOCZYNEK,TĄŻYNA,184124,525351
151210100,IV,1967,OZIEMKÓWKA,WILGA,214506,515459
150180050,II,2005,OZIMEK,MAŁA PANEW,181214,504045
152180030,II,1882,PAKOŚĆ,NOTEĆ,180535,524800
151220120,IV,1933,PARCZEW,PIWONIA,225429,513851
152190080,IV,1947,PARZEŃ,SKRWA,193228,523914
154190100,I,1960,PASŁĘK,WĄSKA,193936,540414
152230050,III,1973,PERKOWICE,ZIELAWA,231706,515947
149190150,II,1962,PEWEL MAŁA,KOSZARAWA,191820,493931
154200040,III,1951,PIASECZNO,ELMA,203302,541310
152210020,II,1981,PIASECZNO 2,JEZIORKA,210222,520348
151160100,II,1983,PIĄTNICA,KACZAWA,161157,511340
153220010,II,1876,PIĄTNICA-ŁOMŻA,NAREW,220536,531136
150150050,II,1944,PIECHOWICE,KAMIENNA,153518,505100
154190160,II,1970,PIERZCHAŁY,PASŁĘKA,195056,541803
154190150,II,2006,PIERZCHAŁY 2,PASŁĘKA,195056,541802
154160100,III,1978,PIESZCZ,MOSZCZENICZKA,164611,542726
150150060,II,1902,PILCHOWICE,BÓBR,153826,505750
153160180,II,1888,PIŁA,GWDA,164425,530905
150200080,II,1924,PIŃCZÓW,NIDA,203113,503051
153210190,II,1850,PISZ,PISA,214823,533728
151180020,II,1922,PIWONICE,PROSNA,180626,514336
150190190,II,1924,PIWOŃ,PRZEMSZA,191512,502859
151140020,II,1953,PLEŚNO,LUBSZA,144516,515456
152230040,II,2005,PLOSKI,NAREW,231356,525408
151180160,II,1928,PODDĘBICE,NER,185658,515330
151180140,II,1923,PODGÓRZE,WIDAWKA,185635,512754
150150190,II,2007,PODGÓRZYN,PODGÓRNA,154101,504913
153140210,IV,1954,PODGRODZIE,ZALEW SZCZECIŃSKI,141956,534358
149180230,II,1930,PODKĘPIE,WAPIENICA,185839,495344
154170130,III,1977,POGORZELICE,POGORZELICA,173543,542918
149220140,I,1965,POLANA,CZARNA,223427,491809
150210100,II,1924,POŁANIEC,CZARNA,211706,502605
152140130,I,1890,POŁĘCKO,ODRA,145332,520309
150200100,I,1868,POPĘDZYNKA,WISŁA,203258,500829
152180170,II,2011,POPOWO,JEZ. GOPŁO,182225,523438
152210150,II,2013,POPOWO,BUG,211032,523141
150190150,II,1958,PORAJ,WARTA,191214,504024
150140010,II,1964,PORAJÓW,NYSA ŁUŻYCKA,144917,505314
149200010,II,1917,PORONIN,PORONIEC,200011,492014
152230020,IV,1973,POROSIUKI,KRZNA,230319,520105
152180060,II,1966,POSOKA,POWA,181321,521211
154230010,I,1964,POSZESZUPIE,SZESZUPA,230115,542040
152170140,IV,1971,POWIDZ,JEZ. POWIDZKIE,175519,522438
152160170,III,2007,POZNAŃ-KIEKRZ,JEZ. KIERSKIE (SAMICA KIERSKA),164724,522822
152160140,II,1927,POZNAŃ-MOST ROCHA,WARTA,165643,522408
153190030,IV,1975,PRABUTY,JEZ. DZIERZGOŃ (LIWA),191159,534645
154210020,I,1924,PROSNA,GUBER,210512,541401
153220080,II,1970,PROSTKI,EŁK,222621,534202
149200170,I,1887,PROSZÓWKI,RABA,202618,495947
150170110,II,1903,PRUDNIK,PRUDNIK,173519,501910
154180260,I,2015,PRUSZCZ GDAŃSKI,KANAŁ RADUŃSKI,183748,541512
154180270,I,2015,PRUSZCZ GDAŃSKI,RADUNIA,183749,541500
152170040,IV,1888,PRUŚCE,WEŁNA,170554,524623
154210080,II,1906,PRYNOWO,WĘGORAPA,214312,541439
153220140,II,1958,PRZECHODY,EŁK,223511,533318
150190120,II,1942,PRZECZYCE,PRZEMSZA,191040,502538
151190090,II,1929,PRZEDBÓRZ,PILICA,195231,510522
152150060,IV,1975,PRZEŁAZY,JEZ. NIESŁYSZ (OŁOBOK),152259,521405
149220190,II,1863,PRZEMYŚL,SAN,224602,494705
153230050,IV,1946,PRZEWIĘŹ,JEZ. STUDZIENICZNE (KANAŁ AUGUSTOWSKI),230533,535201
153230040,IV,1946,PRZEWIĘŹ,JEZ. BIAŁE AUGUSTOWSKIE (KANAŁ AUGUSTOWSKI),230530,535202
151140030,II,1957,PRZEWOŹNIKI,SKRODA,144918,513131
151140040,II,1928,PRZEWÓZ,NYSA ŁUŻYCKA,145649,512820
152140030,IV,1975,PRZYJEZIERZE,JEZ. MORZYCKO (SŁUBIA),142250,525214
152140280,III,2004,PRZYJEZIERZE-LAS,SŁUBIA,142502,525222
154210060,II,1974,PRZYSTAŃ,JEZ. MAMRY (WĘGORAPA),213901,541127
149180220,II,1958,PSZCZYNA,PSZCZYNKA,185645,495845
153210170,II,1921,PTAKI,PISA,214733,532335
153160210,II,1945,PTUSZA,GWDA,164747,532200
151220140,IV,1954,PUCHACZÓW,ŚWINKA,225830,511820
154180090,I,1931,PUCK,ZATOKA PUCKA,182439,544321
149210150,II,1983,PUŁAWY,WISŁOK,215424,492924
151210190,I,2003,PUŁAWY-AZOTY,WISŁA,215644,512643
153150180,III,2004,PUSTELNIA,PŁOCICZNA,155921,530723
150210130,II,1998,PUSTKÓW,WISŁOKA,212754,500836
150190170,I,1887,PUSTYNIA,WISŁA,191411,500348
150180170,II,2005,PYSKOWICE,DRAMA,183520,502311
150180160,II,2005,PYSKOWICE-DZIERŻNO,DRAMA,183235,502257
150180150,II,2005,PYSKOWICE-DZIERŻNO,KŁODNICA,183236,502247
152170080,II,1895,PYZDRY,WARTA,174143,521004
149190340,II,1984,RABKA 2,RABA,195657,493649
150180060,I,1940,RACIBÓRZ-MIEDONIA,ODRA,181347,500719
150170180,I,1956,RACŁAWICE ŚLĄSKIE,OSOBŁOGA,174720,501855
153220240,IV,1954,RACZKI,NETTA,224710,535927
150190080,II,1947,RADOCHA,PRZEMSZA,190825,501539
150210210,I,1867,RADOMYŚL,SAN,215551,504025
149190270,II,1928,RADZISZÓW,SKAWINKA,194832,495624
151160250,IV,1970,RADZYŃ,RADZYŃSKA STRUGA,160230,515206
151160030,II,1955,RADZYŃ,JEZ. SŁAWSKIE,160217,515222
149190050,II,1949,RAJCZA,SOŁA,190659,493050
153220190,II,1953,RAJGRÓD,JEZ. RAJGRODZKIE (JEGRZNIA),224159,534358
153220200,II,1946,RAJGRÓD,JEGRZNIA,224206,534350
153160270,III,2004,RAKOWO,PIŁAWA,162208,533701
150210010,I,1957,RAKÓW,CZARNA,210143,504034
153150050,II,1956,RESKO,REGA,152343,534622
151140050,II,1958,RĘCZYN,WITKA,145848,510235
153190120,I,1963,RODZONE,DRWĘCA,193935,533120
151210060,II,1967,ROGOŻEK,RADOMKA,212131,513808
151180170,II,1940,ROGÓŹNO,WIDAWKA,185827,512608
153180150,I,1889,ROGÓŹNO 2,OSA,185656,533100
149210010,II,2005,ROPA,ROPA,210247,493509
151230020,IV,1973,ROSSOSZ,MUŁAWA,230755,515128
154180240,IV,1946,ROZEWIE,MORZE BAŁTYCKIE,182018,544954
153210100,IV,1896,RUCIANE-NIDA,JEZ. NIDZKIE,213401,533840
151230050,IV,1954,RUDA-OPALIN,UHERKA,233505,511524
150220020,II,1960,RUDA JASTKOWSKA,BUKOWA,220823,503551
150180110,II,1956,RUDA KOZIELSKA,RUDA,182406,501217
149190160,II,1896,RUDZE,WIEPRZÓWKA,192633,495742
150180140,III,1974,RYBNIK,NACYNA,183159,500609
150180280,II,2003,RYBNIK-GOTARTOWICE,RUDA,183743,500508
150180130,II,2006,RYBNIK-STODOŁY,RUDA,182859,500915
149220160,II,1961,RYBOTYCZE,WIAR,223818,493916
152160120,II,1940,RYCZYWÓŁ,FLINTA,165022,524859
151160160,II,2005,RYDZYNA,POLSKI RÓW,164008,514658
153190060,IV,1948,RYPIN,RYPIENICA,192414,530404
150210040,II,1967,RZEPIN,ŚWIŚLINA,210531,505822
151160080,II,2005,RZESZOTARY,CZARNA WODA,160841,511456
150220010,II,1863,RZESZÓW,WISŁOK,220056,500223
150220070,I,1873,RZUCHÓW,SAN,223007,501449
151160020,II,1936,RZYMÓWKA,KACZAWA,160132,510822
152170120,II,1958,SAMARZEWO,WRZEŚNICA,174435,521324
153190140,IV,1971,SAMBOROWO,DRWĘCA,194821,534010
150210170,I,1881,SANDOMIERZ,WISŁA,214446,504021
152150080,II,1921,SANTOK,WARTA,152356,524404
152150090,II,2004,SANTOK,NOTEĆ,152504,524421
152200060,IV,1956,SARBIEWO,RACIĄŻNICA,202112,524207
153200050,IV,1955,SARNOWO,SZKOTÓWKA,201447,531608
154180010,III,1930,SARNOWY,WIERZYCA,180058,540422
150220040,II,1956,SARZYNA,TRZEBOŚNICA,222051,501938
152140110,IV,1969,SĄDÓW,PLISZKA,145051,521311
154210010,I,1839,SĘPOPOL,ŁYNA,210021,541558
153170090,IV,1970,SĘPÓLNO KRAJEŃSKIE,JEZ. SĘPOLEŃSKIE (SĘPOLNA),173126,532729
154160040,III,1962,SIANÓW,UNIEŚĆ,161701,541322
152230120,II,2005,SIEMIANÓWKA,ZB. SIEMIANÓWKA,234526,525625
151220110,IV,1929,SIEMIEŃ,TYŚMIENICA,224642,513835
149210160,II,2005,SIENIAWA,WISŁOK,215548,493404
150140020,II,1897,SIENIAWKA,NYSA ŁUŻYCKA,145013,505347
151180080,I,1921,SIERADZ,WARTA,184433,513558
150200060,II,1876,SIEROSŁAWICE,WISŁA,202724,500755
152190110,IV,1928,SIERPC,SIERPIENICA,194015,525125
153160050,IV,1975,SIKORY,JEZ. KOMORZE,161626,533645
154170030,III,1956,SKARSZÓW DOLNY,SKOTAWA,170707,542154
149190220,II,1928,SKAWICA DOLNA,SKAWICA,193949,494110
149180100,II,1895,SKOCZÓW,WISŁA,184730,494812
150170140,I,1820,SKOROGOSZCZ,NYSA KŁODZKA,174030,504543
152150110,II,1822,SKWIERZYNA,WARTA,153000,523607
151160260,III,1970,SŁAWA ŚLĄSKA,CZERNICA,160431,515250
153170150,III,2007,SŁAWIANOWO,KOCUNIA,170752,531608
150190250,IV,1925,SŁAWKÓW,BIAŁA PRZEMSZA,192356,501759
152180050,II,1992,SŁAWSK,WARTA,180800,521154
150200090,II,1925,SŁOWIK,BOBRZA,203210,504958
151200110,III,1931,SŁOWIKÓW,RADOMKA,205317,512726
152140050,I,1810,SŁUBICE,ODRA,143320,522053
154170010,II,1873,SŁUPSK,SŁUPIA,170153,542812
154200030,II,1900,SMOLAJNY,ŁYNA,202349,540133
153160280,III,2007,SMOLARNIA,JEZ. STRADUŃ (BUKÓWKA),162137,530145
150190260,I,1874,SMOLICE,WISŁA,192737,500152
152150170,III,1955,SMOLNO WIELKIE,OBRZYCA,154628,520425
154170060,I,1886,SMOŁDZINO,ŁUPAWA,171253,543942
153170140,I,1946,SMUKAŁA,BRDA,175747,531117
151220100,II,1924,SOBIANOWICE,BYSTRZYCA,224117,511806
153230080,II,1980,SOCHONIE,CZARNA,231050,531301
153230140,I,1956,SOKOŁDA,SOKOŁDA,232835,531450
153220120,IV,1971,SORDACHY,JEZ. SELMĘT WIELKI (JEGRZNIA),222824,534921
150150200,II,2007,SOSNÓWKA,SOŚNIAK,154309,504920
154170120,II,1966,SOSZYCA,SŁUPIA,173447,541500
151200020,II,1929,SPAŁA,PILICA,200802,513214
153210050,IV,1951,SPYCHOWO,KRUTYNIA,212056,533630
149200140,II,1966,SROMOWCE WYŻNE,DUNAJEC,202114,492402
150180100,II,1899,STANISZCZE WIELKIE,MAŁA PANEW,182033,503948
153160030,IV,1956,STARE DRAWSKO,DRAWA,161142,533606
153150010,II,1946,STARGARD,INA,150227,532101
154160070,I,1946,STARY KRAKÓW,WIEPRZA,163623,542632
152150020,II,2005,STARY RADUSZEC,BÓBR,150443,520211
149200220,II,1887,STARY SĄCZ,POPRAD,203935,493407
150210060,II,1940,STASZÓW,CZARNA,211023,503323
154179991,IV,2004,STĘŻYCA,DOPŁYW Z JEZ. STĘŻYCKIEGO,175716,541224
153160080,IV,1984,STORKOWO,PARSĘTA,162942,534645
152200080,IV,1963,STRACHOWO,PŁONKA,202619,523750
149200130,II,1957,STRADOMKA,STRADOMKA,201830,495514
153220130,II,1916,STRĘKOWA GÓRA,NAREW,223219,531311
149190310,I,1897,STRÓŻA,RABA,195529,494749
152210050,III,1938,STRUGA,CZARNA,210816,522154
150240010,II,1960,STRZYŻÓW,BUG,240209,505022
149220180,II,1967,STUPOSIANY,WOŁOSATY,224101,491108
149190200,I,1902,SUCHA BESKIDZKA,STRYSZAWKA,193604,494436
149190210,II,1887,SUCHA BESKIDZKA,SKAWA,193631,494422
153230090,IV,1946,SUCHA RZECZKA,JEZ. SERWY,231208,535324
154180180,II,2004,SUCHY DĄB,BIELAWA,184355,541353
151190100,II,1975,SULEJÓW-KOPALNIA,PILICA,195310,512037
153230110,II,2005,SUPRAŚL,SUPRAŚL,232018,531245
152220080,II,1928,SURAŻ,NAREW,225718,525656
150230060,IV,1980,SURHÓW,WOJSŁAWKA,231605,505613
153170060,IV,1892,SWORNEGACIE,BRDA,172954,535135
153170070,IV,1892,SWORNEGACIE,ZBRZYCA,173034,535257
150190070,II,1947,SZABELNIA,BRYNICA,190812,501534
149200020,II,1940,SZAFLARY,BIAŁY DUNAJEC,200129,492527
150160110,II,1901,SZALEJÓW DOLNY,BYSTRZYCA DUSZNICKA,163617,502511
152160080,IV,1944,SZAMOTUŁY,SAMA,163453,523644
149220020,II,1911,SZCZAWNE,OSŁAWA,220901,492413
149200180,III,1916,SZCZAWNICA,GRAJCAREK,202936,492513
153220290,IV,1957,SZCZEBRA,SZCZEBERKA,225831,535422
153140050,I,1851,SZCZECIN-MOST DŁUGI,ODRA,143335,532521
153140190,II,2004,SZCZECIN-PODJUCHY,ODRA (IŃSKI NURT),143532,532208
153160150,IV,1904,SZCZECINEK,NIZICA,164138,534223
151190020,II,1962,SZCZERCÓW,WIDAWKA,190649,511942
150210020,I,1887,SZCZUCIN,WISŁA,210438,501937
153210140,II,2005,SZKWA,SZKWA,214109,531049
151150120,II,1896,SZPROTAWA,BÓBR,153136,513341
151150130,II,1960,SZPROTAWA,SZPROTAWA,153319,513355
153200020,II,1937,SZREŃSK,MŁAWKA,200742,530035
153230070,I,1946,SZTABIN,BIEBRZA,230659,534019
153200090,II,2006,SZYPRY,JEZ. WADĄG (WADĄG),203425,535008
151160130,II,1853,ŚCINAWA,ODRA,162636,512432
151160230,II,1995,ŚLĘZA,ŚLĘZA,165906,510215
152170010,II,1822,ŚREM,WARTA,170058,520535
150160020,II,1947,ŚWIEBODZICE,PEŁCZNICA,161849,505137
153190010,IV,1946,ŚWIECIE NAD OSĄ,LUTRYNA,190553,532636
152150010,II,1998,ŚWIERKOCIN,WARTA,150000,523900
151150170,II,1903,ŚWIERZAWA,KACZAWA,155316,510104
153140010,I,1810,ŚWINOUJŚCIE,MORZE BAŁTYCKIE,141552,535430
153190190,III,2006,TAMA BRODZKA,SKARLANKA,192837,531653
151220080,II,1924,TCHÓRZEW,TYŚMIENICA,223322,514045
154180150,I,1811,TCZEW,WISŁA,184820,540514
149220100,II,1922,TERKA,SOLINKA,222545,491759
153180040,IV,1967,TLEŃ,PRUSINA,181528,533712
150160080,I,1901,TŁUMACZÓW,ŚCINAWKA,162610,503307
150200040,II,1926,TOKARNIA,CZARNA NIDA,202711,504627
154190090,I,1947,TOLKMICKO,ZALEW WIŚLANY,193123,541924
153200040,II,1905,TOMARYNY,PASŁĘKA,201224,534410
149210060,II,1898,TOPOLINY,ROPA,212636,494329
153180090,I,1760,TORUŃ,WISŁA,183627,530029
151230010,II,1974,TRAWNIKI,WIEPRZ,230004,510819
152170150,II,1937,TRĄBCZYN,BAWÓŁ,175834,520817
151170030,I,1887,TRESTNO,ODRA,170849,510456
149200110,II,1994,TRYBSZ 2,BIAŁKA,200703,492504
150220080,I,1888,TRYŃCZA,WISŁOK,223250,500944
152200020,II,1967,TRZCINIEC,WKRA,201019,525550
154150010,I,1947,TRZEBIATÓW,REGA,151539,540348
153140040,II,1881,TRZEBIEŻ,ZALEW SZCZECIŃSKI,143107,533932
152230060,III,1977,TRZEŚCIANKA,RUDNIA,232532,525620
153170120,II,1946,TUCHOLA,BRDA,175413,533423
154190020,II,1948,TUJSK,SZKARPAWA,190818,541703
150180020,II,1934,TURAWA,MAŁA PANEW,180436,504423
150140030,II,2005,TUROSZÓW,MIEDZIANKA,145504,505620
150180120,III,1955,TWORÓG MAŁY,BIERAWKA,182800,501524
153160020,II,1946,TYCHÓWKO,PARSĘTA,160355,535402
149200150,II,1966,TYLMANOWA,OCHOTNICA,202313,493102
149190040,II,1942,UJSOŁY,WODA UJSOLSKA,190702,492933
153160170,II,1818,UJŚCIE 1,NOTEĆ,164349,530317
153160160,II,1818,UJŚCIE 2,NOTEĆ,164326,530320
150170130,II,1893,UJŚCIE NYSY KŁODZKIEJ,ODRA,173940,504906
153210080,IV,1908,UKTA,KRUTYNIA,212957,534118
151180110,I,1916,UNIEJÓW,WARTA,184728,515821
154160010,IV,1946,UNIEŚCIE,JEZ. JAMNO,160443,541545
154160110,I,1858,USTKA,MORZE BAŁTYCKIE,165114,543517
149180110,II,1904,USTROŃ-OBŁAZIEC,WISŁA,185101,494050
149190180,II,1867,WADOWICE,SKAWA,193040,495238
153210120,II,2005,WALERY,ROZOGA,213710,530850
150210070,II,2005,WAMPIERZÓW,BREŃ,211351,501758
152210170,I,2017,WARSZAWA-BULWARY,WISŁA,210115,521450
152210040,I,1967,WARSZAWA-NADWILANÓWKA,WISŁA,210614,521134
154180050,III,1966,WARSZKOWSKI MŁYN,PIAŚNICA,180911,544130
154170180,III,1946,WAWRZYNOWO,WDA,175351,540244
151210010,II,1946,WĄCHOCK,KAMIENNA,210108,510433
150190280,II,2005,WĄSOSZ,PILICA,194058,504504
151200070,IV,1990,WĄSOSZ-STARA WIEŚ,KRASNA,202832,510745
151200060,IV,1990,WĄSOSZ-STARA WIEŚ,CZARNA,202825,510759
154180080,I,1941,WEJHEROWO,REDA,181330,543648
150180230,III,1966,WESOŁA,STOŁA,184124,503342
154210070,II,2006,WĘGORZEWO,WĘGORAPA,214351,541336
151180150,II,1940,WIDAWA,NIECIECZ,185648,512618
153140020,II,1901,WIDUCHOWA,ODRA,142255,530721
153140080,I,1967,WIDZIEŃSKO,GOWIENICA,144441,533956
153200160,IV,1972,WIELBARK,SAWICA,205639,532406
153160300,II,2011,WIELIMIE,JEZ. WIELIMIE (GWDA),164710,534445
152170030,IV,1949,WIERZENICA,GŁÓWNA,170417,522732
153160110,IV,1957,WIESIÓŁKA,DOBRZYCA,163644,531618
154230020,IV,1971,WIGRY,JEZ. WIGRY (CZARNA HAŃCZA),230510,540411
153170160,III,2007,WIKTORÓWKO,KOCUNIA,171259,531641
150160210,II,1899,WILKANÓW,WILCZKA,163944,501555
150210050,III,1940,WILKOWA,WSCHODNIA,210957,502745
151160070,II,1939,WINNICA,NYSA SZALONA,160537,510642
150230020,IV,1975,WIRKOWICE,WIEPRZ,230556,505158
149180140,II,1904,WISŁA,WISŁA,185403,493755
149180160,II,2005,WISŁA-CZARNE,WISŁA,185507,493708
149180180,II,2005,WISŁA-CZARNE (BIAŁA WISEŁKA),BIAŁA WISEŁKA,185608,493705
149180200,II,2005,WISŁA-CZARNE (CZARNA WISEŁKA),WISŁA,185534,493627
154180170,II,2004,WIŚLINA,MOTŁAWA,184331,541827
151220040,IV,1971,WITOWICE,KURÓWKA,220510,512433
153220070,II,1900,WIZNA,NAREW,222431,531204
154180100,I,1938,WŁADYSŁAWOWO,MORZE BAŁTYCKIE,182507,544748
152200070,IV,1937,WŁADYSŁAWÓW,ŁASICA,202115,521920
150210220,II,2006,WŁOCHY,POKRZYWIANKA,210849,505427
152190030,II,1925,WŁOCŁAWEK,WISŁA,190410,523948
152190020,III,1979,WŁOCŁAWEK-RUDA,ZGŁOWIĄCZKA,190059,523846
151230040,I,1897,WŁODAWA,BUG,233359,513305
150150100,II,1955,WOJANÓW,BÓBR,154937,505213
153140060,I,1811,WOLIN,CIEŚNINA DZIWNA,143700,535017
153220220,IV,1975,WOŹNAWIEŚ,JEGRZNIA,224458,534101
154220070,IV,1959,WÓLKA,JEZ. ROSPUDA FILIPOWSKA (NETTA),223700,541214
152210070,II,1960,WÓLKA MLĄDZKA,ŚWIDER,211949,520821
152160050,II,1946,WRONKI,WARTA,162248,524242
154220080,IV,1959,WRÓBEL,JEZ. HAŃCZA (CZARNA HAŃCZA),224749,541438
152200150,II,2013,WYCHÓDŹC,WISŁA,202522,522338
153170040,II,1952,WYRZYSK,ŁOBŻONKA,171615,530903
153150160,IV,2004,WYSPA POKRZYWKA,JEZ. OSTROWITE (PŁOCICZNA),155905,530529
152210090,I,1902,WYSZKÓW,BUG,212710,523518
152200030,II,1946,WYSZOGRÓD,WISŁA,201135,522305
153160190,IV,1955,ZABRODZIE,PIŁAWA,164454,531526
149180210,II,2006,ZABRZEG,WISŁA,185607,495531
152230200,II,2014,ZABUŻE,BUG,230256,521932
149220050,II,1903,ZAGÓRZ,OSŁAWA,221608,493048
151150160,II,1958,ZAGRODNO,SKORA,155150,511120
150220120,II,2005,ZAKŁODZIE,PÓR,225136,504527
149190320,III,1963,ZAKOPANE-DOL.STRĄŻYSKA,MŁYNISKA,195608,491634
149190380,II,1922,ZAKOPANE-HARENDA,BIAŁY DUNAJEC,195839,491858
152220010,II,1966,ZALIWIE-PIEGAWKI,LIWIEC,220541,521511
152210060,I,1964,ZAMBSKI KOŚCIELNE,NAREW,211222,524522
154180030,III,1904,ZAMOSTNE,REDA,180611,543901
150220130,I,1950,ZAPAŁÓW,LUBACZÓWKA,225324,500602
154180110,IV,1970,ZAPOWIEDNIK,WIERZYCA,182810,540219
153210180,II,1956,ZARUZIE,RUŻ,214801,530854
149190170,I,1867,ZATOR,SKAWA,192644,495957
149220130,I,1967,ZATWARNICA,SAN,223347,491406
151190110,IV,1926,ZAWADA,WOLBÓRKA,195634,513148
153220180,II,2005,ZAWADY,ŚLINA,224025,530925
153230060,II,2005,ZAWADY,BIAŁA,230624,530937
152210160,III,2014,ZAWADY,RZĄDZA,211251,522639
154170150,III,1946,ZAWIATY,ŁUPAWA,173713,541957
150210190,I,1841,ZAWICHOST,WISŁA,215147,504821
149190190,III,1957,ZAWOJA,SKAWICA,193207,493826
152150220,IV,1892,ZBĄSZYŃ,OBRA,155523,521501
152150270,II,2007,ZBĄSZYŃ,JEZ. ZBĄSZYŃSKIE (OBRA),155443,521450
149210100,II,1911,ZBOISKA,JASIOŁKA,214154,493428
150170010,II,1976,ZBOROWICE,OŁAWA,171014,504820
151170050,II,1953,ZBYTOWA,WIDAWA,172424,510621
149180050,IV,1961,ZEBRZYDOWICE,PIOTRÓWKA,183648,495248
154230040,I,1964,ZELWA,MARYCHA,232731,540137
152220030,IV,1980,ZEMBRÓW,CETYNIA,221810,523121
149200280,I,1867,ZGŁOBICE,DUNAJEC,205247,495830
151140060,I,1940,ZGORZELEC,NYSA ŁUŻYCKA,145937,510940
151150010,II,1957,ZGORZELEC,CZERWONA WODA,150114,510751
150220170,III,1929,ZWIERZYNIEC,WIEPRZ,225800,503640
149190090,II,1925,ŻABNICA,ŻABNICZANKA,191049,493353
150200170,I,1867,ŻABNO,DUNAJEC,205143,500755
151150080,I,1876,ŻAGAŃ,BÓBR,151857,513705
151150070,I,1948,ŻAGAŃ,CZERNA WIELKA,151723,513650
149210130,II,1888,ŻARNOWA,WISŁOK,214903,495240
150160200,II,1893,ŻELAZNO,BIAŁA LĄDECKA,164026,502223
153140100,I,1955,ŻELEWO,PŁONIA,145148,531639
152170090,IV,1895,ŻNIN,GĄSAWKA,174327,525111
152170110,III,1955,ŻNIN,JEZ. ŻNIŃSKIE DUŻE (GĄSAWKA),174415,525108
149210070,II,1887,ŻÓŁKÓW,WISŁOKA,212733,494348
154190080,II,1975,ŻUKOWO,JEZ. DRUZNO (ELBLĄG),192702,540609
152200050,I,2005,ŻUKÓW,BZURA,201609,521542
149190100,II,1887,ŻYWIEC,SOŁA,191136,494111
